config_name,model_hash,held_out_case,check,unit,metric,value,selective,auc,panel
584eb86deba0.yaml,4f3ffab6e66e,1,zero_state,[0:32],state_contribution,2.953002013169837,True,0.8815713957759413,zero_state
584eb86deba0.yaml,4f3ffab6e66e,1,zero_state,[256:288],state_contribution,3.030004499825796,True,0.8815713957759413,zero_state
584eb86deba0.yaml,4f3ffab6e66e,1,zero_state,[288:320],state_contribution,2.878108875967442,True,0.8815713957759413,zero_state
d816f22117d5.yaml,7f055462360c,1,zero_state,[0:32],state_contribution,2.033605406076993,True,0.8765065426997245,zero_state
d816f22117d5.yaml,7f055462360c,1,zero_state,[256:288],state_contribution,2.132273908328064,True,0.8765065426997245,zero_state
d816f22117d5.yaml,7f055462360c,1,zero_state,[288:320],state_contribution,2.050610036314488,True,0.8765065426997245,zero_state
507a1353607f.yaml,34658236f97d,1,zero_state,[0:32],state_contribution,1.8405272041156269,False,0.9110135445362716,zero_state
507a1353607f.yaml,34658236f97d,1,zero_state,[256:288],state_contribution,2.071790515634164,False,0.9110135445362716,zero_state
507a1353607f.yaml,34658236f97d,1,zero_state,[288:320],state_contribution,1.8874407639708284,False,0.9110135445362716,zero_state
ae0a0e4e978e.yaml,86d08e302712,1,zero_state,[0:32],state_contribution,0.7205856092049875,False,0.7968176078971533,zero_state
ae0a0e4e978e.yaml,86d08e302712,1,zero_state,[256:288],state_contribution,0.7748975252050313,False,0.7968176078971533,zero_state
ae0a0e4e978e.yaml,86d08e302712,1,zero_state,[288:320],state_contribution,0.7423781656433948,False,0.7968176078971533,zero_state
2878ff75bc8a.yaml,a4d5a89d0551,1,zero_state,[0:32],state_contribution,3.3768337534456583,True,0.8250975665748393,zero_state
2878ff75bc8a.yaml,a4d5a89d0551,1,zero_state,[256:288],state_contribution,3.4960486723875617,True,0.8250975665748393,zero_state
2878ff75bc8a.yaml,a4d5a89d0551,1,zero_state,[288:320],state_contribution,3.2809622047677145,True,0.8250975665748393,zero_state
7228c951881d.yaml,b11515cd479d,1,zero_state,[0:32],state_contribution,1.888260229577171,True,0.8836949035812672,zero_state
7228c951881d.yaml,b11515cd479d,1,zero_state,[256:288],state_contribution,1.9286704434622008,True,0.8836949035812672,zero_state
7228c951881d.yaml,b11515cd479d,1,zero_state,[288:320],state_contribution,1.8209586591471176,True,0.8836949035812672,zero_state
20e71b039d4e.yaml,5de494fe6199,1,zero_state,[0:32],state_contribution,1.9743020239095508,False,0.8852731864095501,zero_state
20e71b039d4e.yaml,5de494fe6199,1,zero_state,[256:288],state_contribution,2.205693754088889,False,0.8852731864095501,zero_state
20e71b039d4e.yaml,5de494fe6199,1,zero_state,[288:320],state_contribution,2.03729291867488,False,0.8852731864095501,zero_state
1a19ef1f988b.yaml,02b97863586d,1,zero_state,[0:32],state_contribution,0.6955318579915051,False,0.8406795224977044,zero_state
1a19ef1f988b.yaml,02b97863586d,1,zero_state,[256:288],state_contribution,0.7146948255279921,False,0.8406795224977044,zero_state
1a19ef1f988b.yaml,02b97863586d,1,zero_state,[288:320],state_contribution,0.6881349098220775,False,0.8406795224977044,zero_state
9fd5d4780b48.yaml,0b854e87d2d6,1,zero_state,[0:32],state_contribution,4.363089394427562,True,0.9015438475665748,zero_state
9fd5d4780b48.yaml,0b854e87d2d6,1,zero_state,[256:288],state_contribution,4.460229185302172,True,0.9015438475665748,zero_state
9fd5d4780b48.yaml,0b854e87d2d6,1,zero_state,[288:320],state_contribution,4.321717051143598,True,0.9015438475665748,zero_state
78ca5922c9bf.yaml,95409e0e766e,1,zero_state,[0:32],state_contribution,5.86485528762427,True,0.9343147382920112,zero_state
78ca5922c9bf.yaml,95409e0e766e,1,zero_state,[256:288],state_contribution,6.417416400991272,True,0.9343147382920112,zero_state
78ca5922c9bf.yaml,95409e0e766e,1,zero_state,[288:320],state_contribution,5.949693435060564,True,0.9343147382920112,zero_state
785844bd75bc.yaml,33cc13dd48fe,1,zero_state,[0:32],state_contribution,1.2866126838123035,False,0.8823461891643709,zero_state
785844bd75bc.yaml,33cc13dd48fe,1,zero_state,[256:288],state_contribution,1.365638860582946,False,0.8823461891643709,zero_state
785844bd75bc.yaml,33cc13dd48fe,1,zero_state,[288:320],state_contribution,1.3218466787826064,False,0.8823461891643709,zero_state
1bb643a40705.yaml,7d3528f7bcb4,1,zero_state,[0:32],state_contribution,1.0595419196290377,False,0.8282397842056932,zero_state
1bb643a40705.yaml,7d3528f7bcb4,1,zero_state,[256:288],state_contribution,1.0722065310821098,False,0.8282397842056932,zero_state
1bb643a40705.yaml,7d3528f7bcb4,1,zero_state,[288:320],state_contribution,1.0640758950296316,False,0.8282397842056932,zero_state
19b7bdbfdb1b.yaml,9b2f070215b3,1,zero_state,[0:32],state_contribution,3.2457233302377686,True,0.883149678604224,zero_state
19b7bdbfdb1b.yaml,9b2f070215b3,1,zero_state,[256:288],state_contribution,3.3500078091636984,True,0.883149678604224,zero_state
19b7bdbfdb1b.yaml,9b2f070215b3,1,zero_state,[288:320],state_contribution,3.2279270014632457,True,0.883149678604224,zero_state
615b3e5e8dc9.yaml,3944b0a8c4ce,1,zero_state,[0:32],state_contribution,3.362603790908306,True,0.8910267447199265,zero_state
615b3e5e8dc9.yaml,3944b0a8c4ce,1,zero_state,[256:288],state_contribution,3.369072162133529,True,0.8910267447199265,zero_state
615b3e5e8dc9.yaml,3944b0a8c4ce,1,zero_state,[288:320],state_contribution,3.1881721992513783,True,0.8910267447199265,zero_state
88c8a2386977.yaml,1d0f615af9a7,1,zero_state,[0:32],state_contribution,0.8736231581917692,False,0.8009067952249771,zero_state
88c8a2386977.yaml,1d0f615af9a7,1,zero_state,[256:288],state_contribution,0.9187292142452252,False,0.8009067952249771,zero_state
88c8a2386977.yaml,1d0f615af9a7,1,zero_state,[288:320],state_contribution,0.9035336525641796,False,0.8009067952249771,zero_state
dd85abe752ba.yaml,f517b199970d,1,zero_state,[0:32],state_contribution,1.0714819541224705,False,0.8379677456382001,zero_state
dd85abe752ba.yaml,f517b199970d,1,zero_state,[256:288],state_contribution,1.0991043489942562,False,0.8379677456382001,zero_state
dd85abe752ba.yaml,f517b199970d,1,zero_state,[288:320],state_contribution,1.0863924206214293,False,0.8379677456382001,zero_state
35e13b3d6a57.yaml,8c4aead7227f,1,zero_state,[0:32],state_contribution,6.625713032747703,True,0.9008838383838385,zero_state
35e13b3d6a57.yaml,8c4aead7227f,1,zero_state,[256:288],state_contribution,6.872334699663933,True,0.9008838383838385,zero_state
35e13b3d6a57.yaml,8c4aead7227f,1,zero_state,[288:320],state_contribution,6.548603125479137,True,0.9008838383838385,zero_state
91443246bcf9.yaml,78370c3ccbfb,1,zero_state,[0:32],state_contribution,4.151730041505834,True,0.9026342975206612,zero_state
91443246bcf9.yaml,78370c3ccbfb,1,zero_state,[256:288],state_contribution,4.457032889139365,True,0.9026342975206612,zero_state
91443246bcf9.yaml,78370c3ccbfb,1,zero_state,[288:320],state_contribution,4.143981517358959,True,0.9026342975206612,zero_state
1fd5020aab7f.yaml,4e6f244b9119,1,zero_state,[0:32],state_contribution,2.930262986103653,False,0.8489439853076216,zero_state
1fd5020aab7f.yaml,4e6f244b9119,1,zero_state,[256:288],state_contribution,3.302489539543312,False,0.8489439853076216,zero_state
1fd5020aab7f.yaml,4e6f244b9119,1,zero_state,[288:320],state_contribution,3.0245787336093164,False,0.8489439853076216,zero_state
e383b78a1108.yaml,bf210af21ef5,1,zero_state,[0:32],state_contribution,1.031792763538883,False,0.8705234159779613,zero_state
e383b78a1108.yaml,bf210af21ef5,1,zero_state,[256:288],state_contribution,1.161882379796219,False,0.8705234159779613,zero_state
e383b78a1108.yaml,bf210af21ef5,1,zero_state,[288:320],state_contribution,1.0533395079628556,False,0.8705234159779613,zero_state
f3c8b9679081.yaml,a96b30718cb1,1,zero_state,[0:32],state_contribution,2.642439452232492,True,0.8230601469237834,zero_state
f3c8b9679081.yaml,a96b30718cb1,1,zero_state,[256:288],state_contribution,2.798649233118281,True,0.8230601469237834,zero_state
f3c8b9679081.yaml,a96b30718cb1,1,zero_state,[288:320],state_contribution,2.647740302248532,True,0.8230601469237834,zero_state
cd2caed96f33.yaml,a09d692fb204,1,zero_state,[0:32],state_contribution,2.2725698239318723,True,0.8427456382001837,zero_state
cd2caed96f33.yaml,a09d692fb204,1,zero_state,[256:288],state_contribution,2.3641695910073386,True,0.8427456382001837,zero_state
cd2caed96f33.yaml,a09d692fb204,1,zero_state,[288:320],state_contribution,2.2619098062449585,True,0.8427456382001837,zero_state
ddca9c6767da.yaml,c24ed91eaf8d,1,zero_state,[0:32],state_contribution,0.8902746102642181,False,0.8911558769513315,zero_state
ddca9c6767da.yaml,c24ed91eaf8d,1,zero_state,[256:288],state_contribution,0.9222343819456502,False,0.8911558769513315,zero_state
ddca9c6767da.yaml,c24ed91eaf8d,1,zero_state,[288:320],state_contribution,0.8725843636881787,False,0.8911558769513315,zero_state
b73c95fa7731.yaml,a5ba155885e9,1,zero_state,[0:32],state_contribution,1.8542450297237365,False,0.721935261707989,zero_state
b73c95fa7731.yaml,a5ba155885e9,1,zero_state,[256:288],state_contribution,2.0493712257984185,False,0.721935261707989,zero_state
b73c95fa7731.yaml,a5ba155885e9,1,zero_state,[288:320],state_contribution,1.902945719090188,False,0.721935261707989,zero_state
9fc675fd0183.yaml,76529a9ade37,1,zero_state,[0:32],state_contribution,2.0385265639444654,True,0.9087752525252524,zero_state
9fc675fd0183.yaml,76529a9ade37,1,zero_state,[256:288],state_contribution,2.096476319666751,True,0.9087752525252524,zero_state
9fc675fd0183.yaml,76529a9ade37,1,zero_state,[288:320],state_contribution,2.0120065191921817,True,0.9087752525252524,zero_state
66f9b66faef8.yaml,f3b8233e4c4f,1,zero_state,[0:32],state_contribution,2.322325390156947,True,0.9013860192837468,zero_state
66f9b66faef8.yaml,f3b8233e4c4f,1,zero_state,[256:288],state_contribution,2.404219951921764,True,0.9013860192837468,zero_state
66f9b66faef8.yaml,f3b8233e4c4f,1,zero_state,[288:320],state_contribution,2.3109467077808667,True,0.9013860192837468,zero_state
958b5079feae.yaml,3371b4ab52be,1,zero_state,[0:32],state_contribution,1.144466362585365,False,0.8426738980716253,zero_state
958b5079feae.yaml,3371b4ab52be,1,zero_state,[256:288],state_contribution,1.274620491027107,False,0.8426738980716253,zero_state
958b5079feae.yaml,3371b4ab52be,1,zero_state,[288:320],state_contribution,1.152400335146558,False,0.8426738980716253,zero_state
7bd3273ab33e.yaml,22046ec32b53,1,zero_state,[0:32],state_contribution,1.0659544236037846,False,0.907268709825528,zero_state
7bd3273ab33e.yaml,22046ec32b53,1,zero_state,[256:288],state_contribution,1.216145145594485,False,0.907268709825528,zero_state
7bd3273ab33e.yaml,22046ec32b53,1,zero_state,[288:320],state_contribution,1.0915133633648648,False,0.907268709825528,zero_state
bd0c0b487924.yaml,53bb32154053,1,zero_state,[0:32],state_contribution,3.3100722193091627,True,0.8901371671258035,zero_state
bd0c0b487924.yaml,53bb32154053,1,zero_state,[256:288],state_contribution,3.3753640544741046,True,0.8901371671258035,zero_state
bd0c0b487924.yaml,53bb32154053,1,zero_state,[288:320],state_contribution,3.220642751018272,True,0.8901371671258035,zero_state
acb5f6b4022f.yaml,4da754070cf6,1,zero_state,[0:32],state_contribution,2.860493700420955,True,0.8712121212121212,zero_state
acb5f6b4022f.yaml,4da754070cf6,1,zero_state,[256:288],state_contribution,2.9922404763699078,True,0.8712121212121212,zero_state
acb5f6b4022f.yaml,4da754070cf6,1,zero_state,[288:320],state_contribution,2.863753487290763,True,0.8712121212121212,zero_state
2de62f14efc4.yaml,be9143693d04,1,zero_state,[0:32],state_contribution,3.25670853049131,False,0.9096217860422404,zero_state
2de62f14efc4.yaml,be9143693d04,1,zero_state,[256:288],state_contribution,3.444783424039773,False,0.9096217860422404,zero_state
2de62f14efc4.yaml,be9143693d04,1,zero_state,[288:320],state_contribution,3.3013892603943766,False,0.9096217860422404,zero_state
70b533d14566.yaml,8d40eaa814c7,1,zero_state,[0:32],state_contribution,0.5372141077719729,False,0.8206496786042241,zero_state
70b533d14566.yaml,8d40eaa814c7,1,zero_state,[256:288],state_contribution,0.5343475416425018,False,0.8206496786042241,zero_state
70b533d14566.yaml,8d40eaa814c7,1,zero_state,[288:320],state_contribution,0.5209347855795319,False,0.8206496786042241,zero_state
0e68422ca28d.yaml,ce8ec3e934b4,1,zero_state,[0:32],state_contribution,3.8255972123072906,True,0.8580836776859504,zero_state
0e68422ca28d.yaml,ce8ec3e934b4,1,zero_state,[256:288],state_contribution,3.951019013948368,True,0.8580836776859504,zero_state
0e68422ca28d.yaml,ce8ec3e934b4,1,zero_state,[288:320],state_contribution,3.754329792295796,True,0.8580836776859504,zero_state
f19d5ca15add.yaml,03dbd2d1bc74,1,zero_state,[0:32],state_contribution,3.744316375115031,True,0.9255624426078972,zero_state
f19d5ca15add.yaml,03dbd2d1bc74,1,zero_state,[256:288],state_contribution,3.850606875777503,True,0.9255624426078972,zero_state
f19d5ca15add.yaml,03dbd2d1bc74,1,zero_state,[288:320],state_contribution,3.6733335583198334,True,0.9255624426078972,zero_state
3b440664aeb5.yaml,a15fdab255cf,1,zero_state,[0:32],state_contribution,1.6987274492337954,False,0.9230228420569332,zero_state
3b440664aeb5.yaml,a15fdab255cf,1,zero_state,[256:288],state_contribution,1.9261063619017664,False,0.9230228420569332,zero_state
3b440664aeb5.yaml,a15fdab255cf,1,zero_state,[288:320],state_contribution,1.7392887676739397,False,0.9230228420569332,zero_state
83ce3829615e.yaml,e849f675acc5,1,zero_state,[0:32],state_contribution,0.6935784409726389,False,0.8526314279155188,zero_state
83ce3829615e.yaml,e849f675acc5,1,zero_state,[256:288],state_contribution,0.7440505094523646,False,0.8526314279155188,zero_state
83ce3829615e.yaml,e849f675acc5,1,zero_state,[288:320],state_contribution,0.6726270902912492,False,0.8526314279155188,zero_state
522ea9b11b24.yaml,1182323d482b,1,zero_state,[0:32],state_contribution,2.418959858741179,True,0.9181158172635444,zero_state
522ea9b11b24.yaml,1182323d482b,1,zero_state,[256:288],state_contribution,2.4515513477087474,True,0.9181158172635444,zero_state
522ea9b11b24.yaml,1182323d482b,1,zero_state,[288:320],state_contribution,2.35879581600104,True,0.9181158172635444,zero_state
f4cd557b7e3b.yaml,16662b29beb3,1,zero_state,[0:32],state_contribution,3.737576046648262,True,0.9105544077134984,zero_state
f4cd557b7e3b.yaml,16662b29beb3,1,zero_state,[256:288],state_contribution,3.901603062939675,True,0.9105544077134984,zero_state
f4cd557b7e3b.yaml,16662b29beb3,1,zero_state,[288:320],state_contribution,3.716515134091954,True,0.9105544077134984,zero_state
1df2b3ea9ccc.yaml,cef3e32de1b4,1,zero_state,[0:32],state_contribution,3.507250096341548,False,0.911644857667585,zero_state
1df2b3ea9ccc.yaml,cef3e32de1b4,1,zero_state,[256:288],state_contribution,3.6872289592186895,False,0.911644857667585,zero_state
1df2b3ea9ccc.yaml,cef3e32de1b4,1,zero_state,[288:320],state_contribution,3.547353617116306,False,0.911644857667585,zero_state
f2578cb06991.yaml,238a49a973a3,1,zero_state,[0:32],state_contribution,0.6199652854552691,False,0.8424873737373738,zero_state
f2578cb06991.yaml,238a49a973a3,1,zero_state,[256:288],state_contribution,0.5744166336278971,False,0.8424873737373738,zero_state
f2578cb06991.yaml,238a49a973a3,1,zero_state,[288:320],state_contribution,0.6011512746735194,False,0.8424873737373738,zero_state
af9fc8c57bb6.yaml,7ba54936f952,1,zero_state,[0:32],state_contribution,6.410132235355558,True,0.5881255739210285,zero_state
af9fc8c57bb6.yaml,7ba54936f952,1,zero_state,[256:288],state_contribution,6.854763753684779,True,0.5881255739210285,zero_state
af9fc8c57bb6.yaml,7ba54936f952,1,zero_state,[288:320],state_contribution,6.375829221080068,True,0.5881255739210285,zero_state
803a3eeb60b9.yaml,06c8e405530e,1,zero_state,[0:32],state_contribution,5.224548984675903,True,0.6045110192837466,zero_state
803a3eeb60b9.yaml,06c8e405530e,1,zero_state,[256:288],state_contribution,5.676054045965939,True,0.6045110192837466,zero_state
803a3eeb60b9.yaml,06c8e405530e,1,zero_state,[288:320],state_contribution,5.301165471738362,True,0.6045110192837466,zero_state
0a649dc836b0.yaml,041df1be021e,1,zero_state,[0:32],state_contribution,0.4979134947659689,False,0.9063217401285584,zero_state
0a649dc836b0.yaml,041df1be021e,1,zero_state,[256:288],state_contribution,0.5244223130196778,False,0.9063217401285584,zero_state
0a649dc836b0.yaml,041df1be021e,1,zero_state,[288:320],state_contribution,0.5129970326780392,False,0.9063217401285584,zero_state
5b2a781d294a.yaml,a7ad8fa4af9f,1,zero_state,[0:32],state_contribution,0.6660244949702341,False,0.8200040174471993,zero_state
5b2a781d294a.yaml,a7ad8fa4af9f,1,zero_state,[256:288],state_contribution,0.6089860538166058,False,0.8200040174471993,zero_state
5b2a781d294a.yaml,a7ad8fa4af9f,1,zero_state,[288:320],state_contribution,0.6534465223753241,False,0.8200040174471993,zero_state
2dd0effd4eaa.yaml,0e00bfb6f56f,1,zero_state,[0:32],state_contribution,3.3781962756358017,True,0.810333448117539,zero_state
2dd0effd4eaa.yaml,0e00bfb6f56f,1,zero_state,[256:288],state_contribution,3.551254981754953,True,0.810333448117539,zero_state
2dd0effd4eaa.yaml,0e00bfb6f56f,1,zero_state,[288:320],state_contribution,3.348337433087348,True,0.810333448117539,zero_state
6bdb1f777147.yaml,cf305a75c126,1,zero_state,[0:32],state_contribution,4.375797107858311,True,0.6245695592286501,zero_state
6bdb1f777147.yaml,cf305a75c126,1,zero_state,[256:288],state_contribution,4.6173574226920095,True,0.6245695592286501,zero_state
6bdb1f777147.yaml,cf305a75c126,1,zero_state,[288:320],state_contribution,4.362189883190341,True,0.6245695592286501,zero_state
2e2427afcb6d.yaml,05c01bd0dcff,1,zero_state,[0:32],state_contribution,0.8817473303388486,False,0.8480974517906337,zero_state
2e2427afcb6d.yaml,05c01bd0dcff,1,zero_state,[256:288],state_contribution,0.7945956764537876,False,0.8480974517906337,zero_state
2e2427afcb6d.yaml,05c01bd0dcff,1,zero_state,[288:320],state_contribution,0.905827212867228,False,0.8480974517906337,zero_state
c08b62a11771.yaml,a4cab7f2fe52,1,zero_state,[0:32],state_contribution,0.864421750657544,False,0.7246183425160697,zero_state
c08b62a11771.yaml,a4cab7f2fe52,1,zero_state,[256:288],state_contribution,0.9356979262574664,False,0.7246183425160697,zero_state
c08b62a11771.yaml,a4cab7f2fe52,1,zero_state,[288:320],state_contribution,0.8966856259457765,False,0.7246183425160697,zero_state
882f1bbbb7cd.yaml,53d656a091fd,1,zero_state,[0:32],state_contribution,2.341833237518242,True,0.9092917814508724,zero_state
882f1bbbb7cd.yaml,53d656a091fd,1,zero_state,[256:288],state_contribution,2.402351432025872,True,0.9092917814508724,zero_state
882f1bbbb7cd.yaml,53d656a091fd,1,zero_state,[288:320],state_contribution,2.2595832791699166,True,0.9092917814508724,zero_state
b7fa91c2de83.yaml,8c7571539ddc,1,zero_state,[0:32],state_contribution,2.606728851714037,True,0.8600350091827366,zero_state
b7fa91c2de83.yaml,8c7571539ddc,1,zero_state,[256:288],state_contribution,2.675272201233957,True,0.8600350091827366,zero_state
b7fa91c2de83.yaml,8c7571539ddc,1,zero_state,[288:320],state_contribution,2.547129932620709,True,0.8600350091827366,zero_state
489f94bd9fcd.yaml,a44c4b500d74,1,zero_state,[0:32],state_contribution,1.8035152030121735,False,0.7795856290174472,zero_state
489f94bd9fcd.yaml,a44c4b500d74,1,zero_state,[256:288],state_contribution,2.1290072750824334,False,0.7795856290174472,zero_state
489f94bd9fcd.yaml,a44c4b500d74,1,zero_state,[288:320],state_contribution,1.8722139692451785,False,0.7795856290174472,zero_state
c76270425c9e.yaml,319c77ff2fe8,1,zero_state,[0:32],state_contribution,2.2156553962849017,False,0.8681129476584022,zero_state
c76270425c9e.yaml,319c77ff2fe8,1,zero_state,[256:288],state_contribution,2.403344561054008,False,0.8681129476584022,zero_state
c76270425c9e.yaml,319c77ff2fe8,1,zero_state,[288:320],state_contribution,2.234178501373251,False,0.8681129476584022,zero_state
b257164b50d8.yaml,adaafd0734ff,1,zero_state,[0:32],state_contribution,4.325606899107762,True,0.9139261937557392,zero_state
b257164b50d8.yaml,adaafd0734ff,1,zero_state,[256:288],state_contribution,4.543053503147148,True,0.9139261937557392,zero_state
b257164b50d8.yaml,adaafd0734ff,1,zero_state,[288:320],state_contribution,4.292372301411915,True,0.9139261937557392,zero_state
a50245a10669.yaml,0f5602c303a5,1,zero_state,[0:32],state_contribution,3.4570449362250537,True,0.8360594582185492,zero_state
a50245a10669.yaml,0f5602c303a5,1,zero_state,[256:288],state_contribution,3.652006026708432,True,0.8360594582185492,zero_state
a50245a10669.yaml,0f5602c303a5,1,zero_state,[288:320],state_contribution,3.478095116376351,True,0.8360594582185492,zero_state
61a995157d85.yaml,50e3ef07f16f,1,zero_state,[0:32],state_contribution,0.8814003428285035,False,0.9217745638200184,zero_state
61a995157d85.yaml,50e3ef07f16f,1,zero_state,[256:288],state_contribution,0.908127264247901,False,0.9217745638200184,zero_state
61a995157d85.yaml,50e3ef07f16f,1,zero_state,[288:320],state_contribution,0.8980327326193762,False,0.9217745638200184,zero_state
e0902212d370.yaml,dfe6f2bb093c,1,zero_state,[0:32],state_contribution,0.3810717286516605,False,0.7837178604224059,zero_state
e0902212d370.yaml,dfe6f2bb093c,1,zero_state,[256:288],state_contribution,0.388314869849092,False,0.7837178604224059,zero_state
e0902212d370.yaml,dfe6f2bb093c,1,zero_state,[288:320],state_contribution,0.3662095899246045,False,0.7837178604224059,zero_state
3ec7186fad7e.yaml,201c928c631f,1,zero_state,[0:32],state_contribution,6.539510300648805,True,0.8226727502295684,zero_state
3ec7186fad7e.yaml,201c928c631f,1,zero_state,[256:288],state_contribution,6.705818100003167,True,0.8226727502295684,zero_state
3ec7186fad7e.yaml,201c928c631f,1,zero_state,[288:320],state_contribution,6.413312857478551,True,0.8226727502295684,zero_state
b39731b66741.yaml,086acf0275b8,1,zero_state,[0:32],state_contribution,5.99246224780099,True,0.819128787878788,zero_state
b39731b66741.yaml,086acf0275b8,1,zero_state,[256:288],state_contribution,6.26205281615918,True,0.819128787878788,zero_state
b39731b66741.yaml,086acf0275b8,1,zero_state,[288:320],state_contribution,5.957705141858155,True,0.819128787878788,zero_state
e622e3993a72.yaml,04f342ed4dcb,1,zero_state,[0:32],state_contribution,2.35383228779063,False,0.9124626951331496,zero_state
e622e3993a72.yaml,04f342ed4dcb,1,zero_state,[256:288],state_contribution,2.632496933674534,False,0.9124626951331496,zero_state
e622e3993a72.yaml,04f342ed4dcb,1,zero_state,[288:320],state_contribution,2.426653307051577,False,0.9124626951331496,zero_state
352f70960ed3.yaml,b77482e85dc3,1,zero_state,[0:32],state_contribution,1.0088723195464893,False,0.9275424701561064,zero_state
352f70960ed3.yaml,b77482e85dc3,1,zero_state,[256:288],state_contribution,1.1121401368078103,False,0.9275424701561064,zero_state
352f70960ed3.yaml,b77482e85dc3,1,zero_state,[288:320],state_contribution,1.0274735599197382,False,0.9275424701561064,zero_state
58fd79f02b2d.yaml,08bf71867940,1,zero_state,[0:32],state_contribution,3.290448656798765,True,0.8317837465564739,zero_state
58fd79f02b2d.yaml,08bf71867940,1,zero_state,[256:288],state_contribution,3.3143162176124497,True,0.8317837465564739,zero_state
58fd79f02b2d.yaml,08bf71867940,1,zero_state,[288:320],state_contribution,3.1950163719343507,True,0.8317837465564739,zero_state
b4778c6ea130.yaml,15fba0d893ec,1,zero_state,[0:32],state_contribution,1.9121169238933355,True,0.906838269054178,zero_state
b4778c6ea130.yaml,15fba0d893ec,1,zero_state,[256:288],state_contribution,1.986551855577436,True,0.906838269054178,zero_state
b4778c6ea130.yaml,15fba0d893ec,1,zero_state,[288:320],state_contribution,1.88206889878274,True,0.906838269054178,zero_state
27a2b2159d54.yaml,d19d06b1cbfa,1,zero_state,[0:32],state_contribution,0.568775809532233,False,0.8656307392102847,zero_state
27a2b2159d54.yaml,d19d06b1cbfa,1,zero_state,[256:288],state_contribution,0.5787455315746878,False,0.8656307392102847,zero_state
27a2b2159d54.yaml,d19d06b1cbfa,1,zero_state,[288:320],state_contribution,0.5917445994906974,False,0.8656307392102847,zero_state
f4c0e20e66b2.yaml,ac827ae4b94b,1,zero_state,[0:32],state_contribution,0.457452992694889,False,0.7327536730945822,zero_state
f4c0e20e66b2.yaml,ac827ae4b94b,1,zero_state,[256:288],state_contribution,0.4326903606522999,False,0.7327536730945822,zero_state
f4c0e20e66b2.yaml,ac827ae4b94b,1,zero_state,[288:320],state_contribution,0.4406673620416107,False,0.7327536730945822,zero_state
bcf3e2800b54.yaml,17c75659257f,1,zero_state,[0:32],state_contribution,6.194575970838518,True,0.7563561753902663,zero_state
bcf3e2800b54.yaml,17c75659257f,1,zero_state,[256:288],state_contribution,6.499142357231559,True,0.7563561753902663,zero_state
bcf3e2800b54.yaml,17c75659257f,1,zero_state,[288:320],state_contribution,6.181056688682013,True,0.7563561753902663,zero_state
49cc1bf5d8c4.yaml,7660b0f094a1,1,zero_state,[0:32],state_contribution,3.605264302245021,True,0.8142504591368227,zero_state
49cc1bf5d8c4.yaml,7660b0f094a1,1,zero_state,[256:288],state_contribution,3.9721239614631423,True,0.8142504591368227,zero_state
49cc1bf5d8c4.yaml,7660b0f094a1,1,zero_state,[288:320],state_contribution,3.59910842849429,True,0.8142504591368227,zero_state
1e3c7295dbd7.yaml,ab254bc63c41,1,zero_state,[0:32],state_contribution,1.4922764086397835,False,0.7099833562901745,zero_state
1e3c7295dbd7.yaml,ab254bc63c41,1,zero_state,[256:288],state_contribution,1.5943994643896673,False,0.7099833562901745,zero_state
1e3c7295dbd7.yaml,ab254bc63c41,1,zero_state,[288:320],state_contribution,1.5277339088821338,False,0.7099833562901745,zero_state
1631f682bea0.yaml,2429d5856f8e,1,zero_state,[0:32],state_contribution,0.9237580363591952,False,0.8390581955922864,zero_state
1631f682bea0.yaml,2429d5856f8e,1,zero_state,[256:288],state_contribution,0.9430458032025216,False,0.8390581955922864,zero_state
1631f682bea0.yaml,2429d5856f8e,1,zero_state,[288:320],state_contribution,0.9411408232172735,False,0.8390581955922864,zero_state
51374aa4c5f8.yaml,05f0f3d0db06,1,zero_state,[0:32],state_contribution,4.1587551303190535,True,0.8051251147842058,zero_state
51374aa4c5f8.yaml,05f0f3d0db06,1,zero_state,[256:288],state_contribution,4.219512861091907,True,0.8051251147842058,zero_state
51374aa4c5f8.yaml,05f0f3d0db06,1,zero_state,[288:320],state_contribution,4.073570325363812,True,0.8051251147842058,zero_state
c8b06986e2fc.yaml,2173b8bdf0f9,1,zero_state,[0:32],state_contribution,3.2870865473505546,True,0.600034435261708,zero_state
c8b06986e2fc.yaml,2173b8bdf0f9,1,zero_state,[256:288],state_contribution,3.406509729781092,True,0.600034435261708,zero_state
c8b06986e2fc.yaml,2173b8bdf0f9,1,zero_state,[288:320],state_contribution,3.212079879373904,True,0.600034435261708,zero_state
b8d158135893.yaml,fcfc484ffa45,1,zero_state,[0:32],state_contribution,1.5107720379975278,False,0.597279614325069,zero_state
b8d158135893.yaml,fcfc484ffa45,1,zero_state,[256:288],state_contribution,1.4908547047753853,False,0.597279614325069,zero_state
b8d158135893.yaml,fcfc484ffa45,1,zero_state,[288:320],state_contribution,1.5001548344599325,False,0.597279614325069,zero_state
6ea798f3a406.yaml,b4ec1d58679c,1,zero_state,[0:32],state_contribution,0.6835860851217062,False,0.6659349173553719,zero_state
6ea798f3a406.yaml,b4ec1d58679c,1,zero_state,[256:288],state_contribution,0.686030825991081,False,0.6659349173553719,zero_state
6ea798f3a406.yaml,b4ec1d58679c,1,zero_state,[288:320],state_contribution,0.6925360520035463,False,0.6659349173553719,zero_state
584eb86deba0.yaml,4f3ffab6e66e,1,half_life,layer0,median_ms,2.489649534225464,True,0.8815713957759413,half_life
584eb86deba0.yaml,4f3ffab6e66e,1,half_life,layer1,median_ms,3.2188925743103027,True,0.8815713957759413,half_life
584eb86deba0.yaml,4f3ffab6e66e,1,half_life,layer2,median_ms,7.134165287017822,True,0.8815713957759413,half_life
584eb86deba0.yaml,4f3ffab6e66e,1,half_life,layer3,median_ms,7.232625007629394,True,0.8815713957759413,half_life
d816f22117d5.yaml,7f055462360c,1,half_life,layer0,median_ms,210.52198791503903,True,0.8765065426997245,half_life
d816f22117d5.yaml,7f055462360c,1,half_life,layer1,median_ms,210.52198791503903,True,0.8765065426997245,half_life
d816f22117d5.yaml,7f055462360c,1,half_life,layer2,median_ms,210.52198791503903,True,0.8765065426997245,half_life
d816f22117d5.yaml,7f055462360c,1,half_life,layer3,median_ms,210.52198791503903,True,0.8765065426997245,half_life
507a1353607f.yaml,34658236f97d,1,half_life,layer0,median_ms,3.649409294128418,False,0.9110135445362716,half_life
507a1353607f.yaml,34658236f97d,1,half_life,layer1,median_ms,2.471301555633545,False,0.9110135445362716,half_life
507a1353607f.yaml,34658236f97d,1,half_life,layer2,median_ms,2.5221610069274902,False,0.9110135445362716,half_life
507a1353607f.yaml,34658236f97d,1,half_life,layer3,median_ms,2.157496929168701,False,0.9110135445362716,half_life
ae0a0e4e978e.yaml,86d08e302712,1,half_life,layer0,median_ms,210.52198791503903,False,0.7968176078971533,half_life
ae0a0e4e978e.yaml,86d08e302712,1,half_life,layer1,median_ms,210.52198791503903,False,0.7968176078971533,half_life
ae0a0e4e978e.yaml,86d08e302712,1,half_life,layer2,median_ms,210.52198791503903,False,0.7968176078971533,half_life
ae0a0e4e978e.yaml,86d08e302712,1,half_life,layer3,median_ms,210.52198791503903,False,0.7968176078971533,half_life
2878ff75bc8a.yaml,a4d5a89d0551,1,half_life,layer0,median_ms,2.9623241424560547,True,0.8250975665748393,half_life
2878ff75bc8a.yaml,a4d5a89d0551,1,half_life,layer1,median_ms,4.231355667114258,True,0.8250975665748393,half_life
2878ff75bc8a.yaml,a4d5a89d0551,1,half_life,layer2,median_ms,5.760081768035889,True,0.8250975665748393,half_life
2878ff75bc8a.yaml,a4d5a89d0551,1,half_life,layer3,median_ms,4.593050956726074,True,0.8250975665748393,half_life
7228c951881d.yaml,b11515cd479d,1,half_life,layer0,median_ms,210.52198791503903,True,0.8836949035812672,half_life
7228c951881d.yaml,b11515cd479d,1,half_life,layer1,median_ms,210.52198791503903,True,0.8836949035812672,half_life
7228c951881d.yaml,b11515cd479d,1,half_life,layer2,median_ms,210.52198791503903,True,0.8836949035812672,half_life
7228c951881d.yaml,b11515cd479d,1,half_life,layer3,median_ms,210.52198791503903,True,0.8836949035812672,half_life
20e71b039d4e.yaml,5de494fe6199,1,half_life,layer0,median_ms,3.779710531234741,False,0.8852731864095501,half_life
20e71b039d4e.yaml,5de494fe6199,1,half_life,layer1,median_ms,3.5862069129943848,False,0.8852731864095501,half_life
20e71b039d4e.yaml,5de494fe6199,1,half_life,layer2,median_ms,3.071218490600586,False,0.8852731864095501,half_life
20e71b039d4e.yaml,5de494fe6199,1,half_life,layer3,median_ms,2.331662178039551,False,0.8852731864095501,half_life
1a19ef1f988b.yaml,02b97863586d,1,half_life,layer0,median_ms,210.52198791503903,False,0.8406795224977044,half_life
1a19ef1f988b.yaml,02b97863586d,1,half_life,layer1,median_ms,210.52198791503903,False,0.8406795224977044,half_life
1a19ef1f988b.yaml,02b97863586d,1,half_life,layer2,median_ms,210.52198791503903,False,0.8406795224977044,half_life
1a19ef1f988b.yaml,02b97863586d,1,half_life,layer3,median_ms,210.52198791503903,False,0.8406795224977044,half_life
9fd5d4780b48.yaml,0b854e87d2d6,1,half_life,layer0,median_ms,5.730579376220703,True,0.9015438475665748,half_life
9fd5d4780b48.yaml,0b854e87d2d6,1,half_life,layer1,median_ms,5.491976737976074,True,0.9015438475665748,half_life
78ca5922c9bf.yaml,95409e0e766e,1,half_life,layer0,median_ms,210.52198791503903,True,0.9343147382920112,half_life
78ca5922c9bf.yaml,95409e0e766e,1,half_life,layer1,median_ms,210.52198791503903,True,0.9343147382920112,half_life
785844bd75bc.yaml,33cc13dd48fe,1,half_life,layer0,median_ms,4.440033435821533,False,0.8823461891643709,half_life
785844bd75bc.yaml,33cc13dd48fe,1,half_life,layer1,median_ms,3.0534873008728027,False,0.8823461891643709,half_life
1bb643a40705.yaml,7d3528f7bcb4,1,half_life,layer0,median_ms,210.52198791503903,False,0.8282397842056932,half_life
1bb643a40705.yaml,7d3528f7bcb4,1,half_life,layer1,median_ms,210.52198791503903,False,0.8282397842056932,half_life
19b7bdbfdb1b.yaml,9b2f070215b3,1,half_life,layer0,median_ms,4.39482307434082,True,0.883149678604224,half_life
19b7bdbfdb1b.yaml,9b2f070215b3,1,half_life,layer1,median_ms,7.542280197143555,True,0.883149678604224,half_life
615b3e5e8dc9.yaml,3944b0a8c4ce,1,half_life,layer0,median_ms,210.52198791503903,True,0.8910267447199265,half_life
615b3e5e8dc9.yaml,3944b0a8c4ce,1,half_life,layer1,median_ms,210.52198791503903,True,0.8910267447199265,half_life
88c8a2386977.yaml,1d0f615af9a7,1,half_life,layer0,median_ms,3.660823822021485,False,0.8009067952249771,half_life
88c8a2386977.yaml,1d0f615af9a7,1,half_life,layer1,median_ms,3.990172863006592,False,0.8009067952249771,half_life
dd85abe752ba.yaml,f517b199970d,1,half_life,layer0,median_ms,210.52198791503903,False,0.8379677456382001,half_life
dd85abe752ba.yaml,f517b199970d,1,half_life,layer1,median_ms,210.52198791503903,False,0.8379677456382001,half_life
35e13b3d6a57.yaml,8c4aead7227f,1,half_life,layer0,median_ms,5.6622724533081055,True,0.9008838383838385,half_life
91443246bcf9.yaml,78370c3ccbfb,1,half_life,layer0,median_ms,210.52198791503903,True,0.9026342975206612,half_life
1fd5020aab7f.yaml,4e6f244b9119,1,half_life,layer0,median_ms,4.890645980834961,False,0.8489439853076216,half_life
e383b78a1108.yaml,bf210af21ef5,1,half_life,layer0,median_ms,210.52198791503903,False,0.8705234159779613,half_life
f3c8b9679081.yaml,a96b30718cb1,1,half_life,layer0,median_ms,3.783755302429199,True,0.8230601469237834,half_life
cd2caed96f33.yaml,a09d692fb204,1,half_life,layer0,median_ms,210.52198791503903,True,0.8427456382001837,half_life
ddca9c6767da.yaml,c24ed91eaf8d,1,half_life,layer0,median_ms,5.980958461761475,False,0.8911558769513315,half_life
b73c95fa7731.yaml,a5ba155885e9,1,half_life,layer0,median_ms,210.52198791503903,False,0.721935261707989,half_life
9fc675fd0183.yaml,76529a9ade37,1,half_life,layer0,median_ms,4.745606899261475,True,0.9087752525252524,half_life
9fc675fd0183.yaml,76529a9ade37,1,half_life,layer1,median_ms,15.028884887695312,True,0.9087752525252524,half_life
9fc675fd0183.yaml,76529a9ade37,1,half_life,layer2,median_ms,11.865655899047852,True,0.9087752525252524,half_life
9fc675fd0183.yaml,76529a9ade37,1,half_life,layer3,median_ms,4.206006050109863,True,0.9087752525252524,half_life
66f9b66faef8.yaml,f3b8233e4c4f,1,half_life,layer0,median_ms,210.52198791503903,True,0.9013860192837468,half_life
66f9b66faef8.yaml,f3b8233e4c4f,1,half_life,layer1,median_ms,210.52198791503903,True,0.9013860192837468,half_life
66f9b66faef8.yaml,f3b8233e4c4f,1,half_life,layer2,median_ms,175.01193237304688,True,0.9013860192837468,half_life
66f9b66faef8.yaml,f3b8233e4c4f,1,half_life,layer3,median_ms,210.52198791503903,True,0.9013860192837468,half_life
958b5079feae.yaml,3371b4ab52be,1,half_life,layer0,median_ms,6.622899532318115,False,0.8426738980716253,half_life
958b5079feae.yaml,3371b4ab52be,1,half_life,layer1,median_ms,5.478100776672363,False,0.8426738980716253,half_life
958b5079feae.yaml,3371b4ab52be,1,half_life,layer2,median_ms,5.367917537689209,False,0.8426738980716253,half_life
958b5079feae.yaml,3371b4ab52be,1,half_life,layer3,median_ms,5.001617431640625,False,0.8426738980716253,half_life
7bd3273ab33e.yaml,22046ec32b53,1,half_life,layer0,median_ms,210.52198791503903,False,0.907268709825528,half_life
7bd3273ab33e.yaml,22046ec32b53,1,half_life,layer1,median_ms,210.52198791503903,False,0.907268709825528,half_life
7bd3273ab33e.yaml,22046ec32b53,1,half_life,layer2,median_ms,210.52198791503903,False,0.907268709825528,half_life
7bd3273ab33e.yaml,22046ec32b53,1,half_life,layer3,median_ms,210.52198791503903,False,0.907268709825528,half_life
bd0c0b487924.yaml,53bb32154053,1,half_life,layer0,median_ms,13.406200408935549,True,0.8901371671258035,half_life
bd0c0b487924.yaml,53bb32154053,1,half_life,layer1,median_ms,4.748381614685059,True,0.8901371671258035,half_life
bd0c0b487924.yaml,53bb32154053,1,half_life,layer2,median_ms,7.840680122375488,True,0.8901371671258035,half_life
bd0c0b487924.yaml,53bb32154053,1,half_life,layer3,median_ms,4.159631729125977,True,0.8901371671258035,half_life
acb5f6b4022f.yaml,4da754070cf6,1,half_life,layer0,median_ms,210.52198791503903,True,0.8712121212121212,half_life
acb5f6b4022f.yaml,4da754070cf6,1,half_life,layer1,median_ms,210.52198791503903,True,0.8712121212121212,half_life
acb5f6b4022f.yaml,4da754070cf6,1,half_life,layer2,median_ms,210.52198791503903,True,0.8712121212121212,half_life
acb5f6b4022f.yaml,4da754070cf6,1,half_life,layer3,median_ms,210.52198791503903,True,0.8712121212121212,half_life
2de62f14efc4.yaml,be9143693d04,1,half_life,layer0,median_ms,5.147473335266113,False,0.9096217860422404,half_life
2de62f14efc4.yaml,be9143693d04,1,half_life,layer1,median_ms,5.354118347167969,False,0.9096217860422404,half_life
2de62f14efc4.yaml,be9143693d04,1,half_life,layer2,median_ms,5.06550407409668,False,0.9096217860422404,half_life
2de62f14efc4.yaml,be9143693d04,1,half_life,layer3,median_ms,5.223660469055176,False,0.9096217860422404,half_life
70b533d14566.yaml,8d40eaa814c7,1,half_life,layer0,median_ms,210.52198791503903,False,0.8206496786042241,half_life
70b533d14566.yaml,8d40eaa814c7,1,half_life,layer1,median_ms,210.52198791503903,False,0.8206496786042241,half_life
70b533d14566.yaml,8d40eaa814c7,1,half_life,layer2,median_ms,210.52198791503903,False,0.8206496786042241,half_life
70b533d14566.yaml,8d40eaa814c7,1,half_life,layer3,median_ms,210.52198791503903,False,0.8206496786042241,half_life
0e68422ca28d.yaml,ce8ec3e934b4,1,half_life,layer0,median_ms,6.085455894470215,True,0.8580836776859504,half_life
0e68422ca28d.yaml,ce8ec3e934b4,1,half_life,layer1,median_ms,12.735332489013672,True,0.8580836776859504,half_life
f19d5ca15add.yaml,03dbd2d1bc74,1,half_life,layer0,median_ms,210.52198791503903,True,0.9255624426078972,half_life
f19d5ca15add.yaml,03dbd2d1bc74,1,half_life,layer1,median_ms,199.916748046875,True,0.9255624426078972,half_life
3b440664aeb5.yaml,a15fdab255cf,1,half_life,layer0,median_ms,9.928427696228027,False,0.9230228420569332,half_life
3b440664aeb5.yaml,a15fdab255cf,1,half_life,layer1,median_ms,6.746584892272949,False,0.9230228420569332,half_life
83ce3829615e.yaml,e849f675acc5,1,half_life,layer0,median_ms,210.52198791503903,False,0.8526314279155188,half_life
83ce3829615e.yaml,e849f675acc5,1,half_life,layer1,median_ms,210.52198791503903,False,0.8526314279155188,half_life
522ea9b11b24.yaml,1182323d482b,1,half_life,layer0,median_ms,5.622440338134766,True,0.9181158172635444,half_life
522ea9b11b24.yaml,1182323d482b,1,half_life,layer1,median_ms,12.496941566467283,True,0.9181158172635444,half_life
f4cd557b7e3b.yaml,16662b29beb3,1,half_life,layer0,median_ms,210.52198791503903,True,0.9105544077134984,half_life
f4cd557b7e3b.yaml,16662b29beb3,1,half_life,layer1,median_ms,210.52198791503903,True,0.9105544077134984,half_life
1df2b3ea9ccc.yaml,cef3e32de1b4,1,half_life,layer0,median_ms,6.992610454559326,False,0.911644857667585,half_life
1df2b3ea9ccc.yaml,cef3e32de1b4,1,half_life,layer1,median_ms,6.55748176574707,False,0.911644857667585,half_life
f2578cb06991.yaml,238a49a973a3,1,half_life,layer0,median_ms,210.52198791503903,False,0.8424873737373738,half_life
f2578cb06991.yaml,238a49a973a3,1,half_life,layer1,median_ms,210.52198791503903,False,0.8424873737373738,half_life
af9fc8c57bb6.yaml,7ba54936f952,1,half_life,layer0,median_ms,9.009506225585938,True,0.5881255739210285,half_life
803a3eeb60b9.yaml,06c8e405530e,1,half_life,layer0,median_ms,210.52198791503903,True,0.6045110192837466,half_life
0a649dc836b0.yaml,041df1be021e,1,half_life,layer0,median_ms,12.566935539245604,False,0.9063217401285584,half_life
5b2a781d294a.yaml,a7ad8fa4af9f,1,half_life,layer0,median_ms,210.52198791503903,False,0.8200040174471993,half_life
2dd0effd4eaa.yaml,0e00bfb6f56f,1,half_life,layer0,median_ms,3.960418701171875,True,0.810333448117539,half_life
6bdb1f777147.yaml,cf305a75c126,1,half_life,layer0,median_ms,210.52198791503903,True,0.6245695592286501,half_life
2e2427afcb6d.yaml,05c01bd0dcff,1,half_life,layer0,median_ms,8.78493595123291,False,0.8480974517906337,half_life
c08b62a11771.yaml,a4cab7f2fe52,1,half_life,layer0,median_ms,210.52198791503903,False,0.7246183425160697,half_life
882f1bbbb7cd.yaml,53d656a091fd,1,half_life,layer0,median_ms,16.740888595581055,True,0.9092917814508724,half_life
882f1bbbb7cd.yaml,53d656a091fd,1,half_life,layer1,median_ms,26.2763671875,True,0.9092917814508724,half_life
882f1bbbb7cd.yaml,53d656a091fd,1,half_life,layer2,median_ms,7.065004825592041,True,0.9092917814508724,half_life
882f1bbbb7cd.yaml,53d656a091fd,1,half_life,layer3,median_ms,10.26663589477539,True,0.9092917814508724,half_life
b7fa91c2de83.yaml,8c7571539ddc,1,half_life,layer0,median_ms,67.96083068847656,True,0.8600350091827366,half_life
b7fa91c2de83.yaml,8c7571539ddc,1,half_life,layer1,median_ms,61.17396926879883,True,0.8600350091827366,half_life
b7fa91c2de83.yaml,8c7571539ddc,1,half_life,layer2,median_ms,210.52198791503903,True,0.8600350091827366,half_life
b7fa91c2de83.yaml,8c7571539ddc,1,half_life,layer3,median_ms,210.52198791503903,True,0.8600350091827366,half_life
489f94bd9fcd.yaml,a44c4b500d74,1,half_life,layer0,median_ms,14.299114227294922,False,0.7795856290174472,half_life
489f94bd9fcd.yaml,a44c4b500d74,1,half_life,layer1,median_ms,10.689321517944336,False,0.7795856290174472,half_life
489f94bd9fcd.yaml,a44c4b500d74,1,half_life,layer2,median_ms,9.839675903320312,False,0.7795856290174472,half_life
489f94bd9fcd.yaml,a44c4b500d74,1,half_life,layer3,median_ms,10.147789001464844,False,0.7795856290174472,half_life
c76270425c9e.yaml,319c77ff2fe8,1,half_life,layer0,median_ms,210.52198791503903,False,0.8681129476584022,half_life
c76270425c9e.yaml,319c77ff2fe8,1,half_life,layer1,median_ms,210.52198791503903,False,0.8681129476584022,half_life
c76270425c9e.yaml,319c77ff2fe8,1,half_life,layer2,median_ms,210.52198791503903,False,0.8681129476584022,half_life
c76270425c9e.yaml,319c77ff2fe8,1,half_life,layer3,median_ms,210.52198791503903,False,0.8681129476584022,half_life
b257164b50d8.yaml,adaafd0734ff,1,half_life,layer0,median_ms,14.810380935668944,True,0.9139261937557392,half_life
b257164b50d8.yaml,adaafd0734ff,1,half_life,layer1,median_ms,11.038215637207031,True,0.9139261937557392,half_life
b257164b50d8.yaml,adaafd0734ff,1,half_life,layer2,median_ms,4.929176330566406,True,0.9139261937557392,half_life
b257164b50d8.yaml,adaafd0734ff,1,half_life,layer3,median_ms,14.641399383544922,True,0.9139261937557392,half_life
a50245a10669.yaml,0f5602c303a5,1,half_life,layer0,median_ms,210.52198791503903,True,0.8360594582185492,half_life
a50245a10669.yaml,0f5602c303a5,1,half_life,layer1,median_ms,132.72250366210938,True,0.8360594582185492,half_life
a50245a10669.yaml,0f5602c303a5,1,half_life,layer2,median_ms,210.52198791503903,True,0.8360594582185492,half_life
a50245a10669.yaml,0f5602c303a5,1,half_life,layer3,median_ms,83.14900207519531,True,0.8360594582185492,half_life
61a995157d85.yaml,50e3ef07f16f,1,half_life,layer0,median_ms,13.487289428710938,False,0.9217745638200184,half_life
61a995157d85.yaml,50e3ef07f16f,1,half_life,layer1,median_ms,8.629404067993164,False,0.9217745638200184,half_life
61a995157d85.yaml,50e3ef07f16f,1,half_life,layer2,median_ms,7.998973846435547,False,0.9217745638200184,half_life
61a995157d85.yaml,50e3ef07f16f,1,half_life,layer3,median_ms,9.575439453125,False,0.9217745638200184,half_life
e0902212d370.yaml,dfe6f2bb093c,1,half_life,layer0,median_ms,210.52198791503903,False,0.7837178604224059,half_life
e0902212d370.yaml,dfe6f2bb093c,1,half_life,layer1,median_ms,210.52198791503903,False,0.7837178604224059,half_life
e0902212d370.yaml,dfe6f2bb093c,1,half_life,layer2,median_ms,210.52198791503903,False,0.7837178604224059,half_life
e0902212d370.yaml,dfe6f2bb093c,1,half_life,layer3,median_ms,210.52198791503903,False,0.7837178604224059,half_life
3ec7186fad7e.yaml,201c928c631f,1,half_life,layer0,median_ms,27.51220703125,True,0.8226727502295684,half_life
3ec7186fad7e.yaml,201c928c631f,1,half_life,layer1,median_ms,38.040184020996094,True,0.8226727502295684,half_life
b39731b66741.yaml,086acf0275b8,1,half_life,layer0,median_ms,61.76408767700195,True,0.819128787878788,half_life
b39731b66741.yaml,086acf0275b8,1,half_life,layer1,median_ms,63.88839721679688,True,0.819128787878788,half_life
e622e3993a72.yaml,04f342ed4dcb,1,half_life,layer0,median_ms,16.17172622680664,False,0.9124626951331496,half_life
e622e3993a72.yaml,04f342ed4dcb,1,half_life,layer1,median_ms,11.794862747192385,False,0.9124626951331496,half_life
352f70960ed3.yaml,b77482e85dc3,1,half_life,layer0,median_ms,210.52198791503903,False,0.9275424701561064,half_life
352f70960ed3.yaml,b77482e85dc3,1,half_life,layer1,median_ms,210.52198791503903,False,0.9275424701561064,half_life
58fd79f02b2d.yaml,08bf71867940,1,half_life,layer0,median_ms,35.2974739074707,True,0.8317837465564739,half_life
58fd79f02b2d.yaml,08bf71867940,1,half_life,layer1,median_ms,16.34178352355957,True,0.8317837465564739,half_life
b4778c6ea130.yaml,15fba0d893ec,1,half_life,layer0,median_ms,51.451805114746094,True,0.906838269054178,half_life
b4778c6ea130.yaml,15fba0d893ec,1,half_life,layer1,median_ms,48.10391998291016,True,0.906838269054178,half_life
27a2b2159d54.yaml,d19d06b1cbfa,1,half_life,layer0,median_ms,18.6312313079834,False,0.8656307392102847,half_life
27a2b2159d54.yaml,d19d06b1cbfa,1,half_life,layer1,median_ms,14.033491134643556,False,0.8656307392102847,half_life
f4c0e20e66b2.yaml,ac827ae4b94b,1,half_life,layer0,median_ms,210.52198791503903,False,0.7327536730945822,half_life
f4c0e20e66b2.yaml,ac827ae4b94b,1,half_life,layer1,median_ms,210.52198791503903,False,0.7327536730945822,half_life
bcf3e2800b54.yaml,17c75659257f,1,half_life,layer0,median_ms,7.697036266326904,True,0.7563561753902663,half_life
49cc1bf5d8c4.yaml,7660b0f094a1,1,half_life,layer0,median_ms,74.37760925292969,True,0.8142504591368227,half_life
1e3c7295dbd7.yaml,ab254bc63c41,1,half_life,layer0,median_ms,24.38451194763184,False,0.7099833562901745,half_life
1631f682bea0.yaml,2429d5856f8e,1,half_life,layer0,median_ms,210.52198791503903,False,0.8390581955922864,half_life
51374aa4c5f8.yaml,05f0f3d0db06,1,half_life,layer0,median_ms,12.10630702972412,True,0.8051251147842058,half_life
c8b06986e2fc.yaml,2173b8bdf0f9,1,half_life,layer0,median_ms,71.64567565917969,True,0.600034435261708,half_life
b8d158135893.yaml,fcfc484ffa45,1,half_life,layer0,median_ms,21.729671478271484,False,0.597279614325069,half_life
6ea798f3a406.yaml,b4ec1d58679c,1,half_life,layer0,median_ms,210.52198791503903,False,0.6659349173553719,half_life
